id,portfolio,question_parts,question,reply,referred_reply,answered,givesRequestedFigure,addressesAllParts,declinesWithReason,evasionType,note
2024-39753,Minister of Education,1,What are the criteria for the providers and facilitators of Professional Learning and Development for structured literacy approaches?,"I am advised by the Ministry of Education that the criteria for providers and facilitators focuses on four main categories: Research and Evidence, Professional Learning and Development (PLD), Measuring Impact and Facilitation. 

Providers are expected to show their expertise in:
• evidence informed practice based on current research on what has been shown to be effective, including the science of learning
• the elements of structured literacy approaches
• their principals of explicit and intentional teaching
• effective methods of building teaching capability and changing teaching practice
• determining the impact of facilitation on teaching capability, and student progress and achievement
• recognising and responding to reading and writing difficulties.",,,,,,,
2024-80970,Minister of Health,2,"What additional funding will be required for the action point 'Adopt common cultural safety expectations', as contained on page 19 of the 2024 Health Workforce Plan, if any, and if additional funding is required, where will it be sourced from?",I refer the Member to my response to Written Parliamentary Question 80961 (2024).,I am advised that all Health Workforce Plan initiatives will be funded out of Health New Zealand baselines.,,,,,,
2024-52408,Minister for Children,1,"Further to Written Parliamentary Question 48474 (2024), on what dates were the nine meetings between mana whenua and Oranga Tamariki regarding the pilot military-style academy?","I am advised by Oranga Tamariki the formal meetings with mana whenua regarding the Military-Style Academy Pilot were on the following dates: 
• 13 May 2024 
• 31 May 2024
• 5 June 2024
• 2 July 2024 
• 4 July 2024
• 11 July 2024
• 18 July 2024
• 29 July 2024
• 14 August 2024

Noting that ongoing communication and informal hui between mana whenua representatives and programme staff have also occurred during this period.",,,,,,,
2024-7265,Minister of Housing,2,"Has the Minister sought any advice whatsoever on a 'social investment' perspective on the Government's decision to introduce no-cause evictions; if so, what are the titles of that advice?",I have not sought any advice on a ‘social investment perspective’ on the reintroduction of 90-day ‘no-cause’ notices for periodic tenancies.,,,,,,,
2025-42200,Minister of Corrections,1,What percentage of cell intercom emergency calls at Mt Eden went unanswered in the 12 months to July 2025?,"I am advised that Mt Eden Corrections Facility utilises the AUSTCO/Cell Guard intercom system, which includes a diversion feature designed to ensure timely response to intercom calls. Between the hours of 6:00am and 6:00pm, all intercom calls fall within the responsibilities of custodial housing unit staff, who are on shift within the units day to day. Any intercom calls that are not answered within 90 seconds during this shift are automatically diverted to the site’s Master Control team. While the system does not capture a specific data field to quantify the number of intercom calls subject to diversion, the diversion mechanism itself ensures that calls are not left unattended.

I am further advised that intercom calls made outside of the 6.00am to 6.00pm time are managed directly by the site’s Master Control team.",,,,,,,
2024-59644,Minister of Health,1,"What role can nurse practitioners play in improving access to primary care for rural New Zealanders, if any?","I am advised that nurse practitioners are a highly valued asset in ensuring access and provision of safe, high‐quality care, especially for rural New Zealanders who find it hard to access general practitioners.

I am further advised that nurse practitioners have advanced skills and practice beyond the level of registered nurses. They most commonly work as part of an interdisciplinary team improving access to healthcare and have the ability to work autonomously to provide a full range of assessments, diagnostic tests, prescribing, and treatment interventions. 

I am also advised that the number of nurse practitioners working in primary care is growing. They are an important element for evolving and diversifying primary care teams and are able to support the development and scope of other primary care nurses.",,,,,,,
2025-15520,Associate Minister of Health,1,"What progress, if any, has been made in the quarter October to December 2024 in the priority area ‘Ensure surveillance information planning and outputs are developed and shared with communities and health professionals’ under ‘STRATEGIC DIRECTION 1: Surveillance, information and public health knowledge systems to drive action’ as part of the Aotearoa New Zealand Sexually Transmitted and Blood Borne Infection Strategy 2023-2030?",I refer the Member to Written Parliamentary Question 15495 (2025).,"Published in March 2023, the Sexually Transmitted and Blood Borne Infections (STBBI) Strategy sets out a roadmap to 2030 to achieve an Aotearoa New Zealand where STBBI are prevented and where all people living with STBBI live long and healthy lives free from stigma and discrimination.
 
 Officials from across the Ministry of Health (the Ministry) and Health NZ have developed a cross-agency STBBI work programme to implement the STBBI Strategy with an initial focus on the HIV, hepatitis C and syphilis action plans that sit under it, as well as hepatitis B and contracts with other STBBI related non-governmental and community organisations such as the Needle Exchange Programme (NEP).

 The goals and objectives in the strategy are intentionally high-level and the Ministry expects activities being taken to deliver on the priority action plans noted above to contribute to these over time.
 
 Specifically in the quarter October to December 2024, the following activities were progressed, all of which contribute towards implementing the strategic approaches for the STBBI Strategy.
 
 • There continued to be a strong focus on connecting with refugee migrants and asylum seeker groups, Hauora Māori partners, needle exchange services and sex workers to support these communities to be able to deliver future HIV and sexually transmitted infection (STI) testing.
 • Procurement documents were completed to expand innovative HIV and STI testing services to priority populations. A request for proposal will commence in quarter three 2024/25.
 • A working group, primarily involving people living with HIV representing the priority population groups, completed community engagement to test key concepts and gather insights on HIV stigma. This will inform development of an HIV campaign to challenge stigma and discrimination.
 • In response to the increase in HIV cases in Fiji, officials presented to the heads of Public Service Agencies in Fiji to provide insight on the management of HIV in New Zealand. Health NZ is also working with stakeholders to raise awareness of HIV amongst the Pacific population in New Zealand and increase HIV and STI testing.
 • Training, endorsed by the Nursing Council and the Pharmacy Council, continued to be promoted for nurses and pharmacists to provide hepatitis C treatment without prescription. 
• The HIV Monitoring Plan was published in June 2024 to support and measure progress towards achieving the goals and targets of the HIV Action Plan. Work is underway to develop the first HIV Monitoring Report. This report is expected to be delivered mid-2025.
 • Work to develop a teaching package for midwives on syphilis and other STIs has progressed with consultation with subject matter experts. The New Zealand College of Midwives is working in collaboration with Ngā Maia Māori Midwives Aotearoa and Pacific Midwives Aotearoa/Moana Connect to deliver the training.
 • Work commenced on preparations for procurement to identify a provider to develop a national campaign to raise awareness of syphilis and promote testing in sexually active heterosexual people. The campaign aims to address the increasing rates of syphilis in New Zealand and the associated cases of babies being born with congenital syphilis.",,,,,,
2024-67922,Minister for ACC,2,"Will ACC's $7.2 billion deficit affect its ability to meet its obligations to claimants; if so, how?",I am advised the recorded deficit does not impact ACC’s ability to meet its obligations to claimants.,,,,,,,
2024-43604,Minister of Finance,1,"What opportunities for reprioritisation, if any, were identified in the March rapid review of the Ministry of Education?",I refer the Member to my response to WPQ 43598 (2024).,"As I indicated at the Finance and Expenditure Committee during Scrutiny Week, the independent rapid reviews made a small number of recommendations for reprioritisation opportunities at Budget 2024, as well as further recommendations for implementation in the medium-to-long term (e.g., at Budget 2025 or future Budgets). The Government plans to continue work on these medium-to-long term recommendations in the coming months.",,,,,,
2025-51915,Minister for Children,1,"Further to 46852 (2025), how many, if any, secure care admissions were extended at Oranga Tamariki's Te Puna Wai o Tuhinapo youth justice facility between 1 July and 31 December 2024, and, if any, were all in full compliance with the law?","I am advised that between 1 July and 31 December 2024, 33 secure care admissions were extended at Te Puna Wai ō Tuhinapo residence, meaning that the admission lasted for longer than 3 consecutive days, as per the Oranga Tamariki Act (1989).

I am further advised that 21 of these did not have prior authorisation from the court under section 376 of the Act for continued detention in secure care. Reasons why there might not have been authorisation for a retention beyond 3 consecutive days include where this time limit was reached due to a re-admission to secure care on the same day. Every extension should have authorisation and I am informed that Oranga Tamariki is aware of these instances and individual residences have provided refresher training where needed to ensure that this happens going forward. Please note that this is operational data and subject to change.",,,,,,,
2024-57944,Minister of Health,2,"Further to WPQ 55653 (2024), if Health New Zealand’s executive leadership team are able to name their direct reports, how much time and expense would it take for those direct reports to name their direct reports in turn – thereby identifying the top three tiers of staff at Health New Zealand as requested in WPQ 51712 (2024)?","I have not been advised by Health New Zealand specifically how many hours would be needed to collate this information, however they advise it would require substantial manual collation and divert staff from their core duties under Speaker’s Ruling 210-6. 

I also refer the Member to Written Parliamentary Question 51712 (2024).",,,,,,,
2024-10933,Minister of Finance,1,"Where did she get the data, if any, to back up her statement the budget will prioritise investments in the public services that matter most to New Zealanders?",I refer you to my response to Written Question 10932 (2024).,"The decisions evidencing the Government’s commitment to investments in the public services that matter most to New Zealanders will be set out on Budget day. I receive a range of advice as I prepare the Budget package. Consistent with past years, key advice will be proactively released after Budget day.",,,,,,
2025-22004,Minister of Corrections,1,What date did the Minister ask Corrections to look into the length of sentences and how effective those are and how they impact on rehabilitation?,11 November 2024.,,,,,,,
2024-78984,Associate Minister of Education,2,"Can the Minister confirm that the new contract(s) with suppliers for the reformed Ka Ora, Ka Ako programme contains a requirement that meals must meet the nutritional guidelines developed for the programme in 2022; if not, why not?","All contracts require compliance with nutritional guidance, any agreed minimum weight volumes and standard special dietary requirements, such as common allergens and ethical and cultural needs (dairy, vegetarian, vegan, halal), as advised by the Ministry of Education.

This is also my response to written parliamentary question 78985 (2024).",,,,,,,
2024-8871,Minister for Media and Communications,2,"Has the Minister communicated via cell phone, phone or online with any members of the board of TVNZ, and if so who, what time and what was the content of the discussion?",My diary is proactively released on the beehive.govt.nz website. I refer the Member to this.,,,,,,,
2024-72224,Minister for Tertiary Education and Skills,2,"Has the Minister been informed of any programmes to be cut at Weltec and Whitireia, if any, and if so what are these?",I refer the Member to my response to written parliamentary question 72217 (2024).,"I am aware that a number of Te Pūkenga’s institute of technology and polytechnic (ITP) business divisions are consulting on programme closures. These are operational matters and the responsibility of Te Pūkenga’s council, and I have not received any specific advice on particular proposals.

For completeness, I note that I have received information on potential programme closures across Te Pūkenga’s ITP business divisions as part of advice on the financial improvement work Te Pūkenga is undertaking with assistance from the specialist help it was required to engage by the Tertiary Education Commission under section 332 of the Education and Training Act 2020. This work remains ongoing and decisions about which of these programmes are retained or closed remain the responsibility of Te Pūkenga.",,,,,,
2024-180,Minister for Children,1,"What evidence, if any, has he seen that boot camps for young offenders are effective at reducing rates of youth offending?",I refer the Member to my answer to WPQ 179 (2024).,"Information on the evidence regarding the effectiveness of military academies was provided in briefing B-0029.

In summary, international and domestic evidence has shown that ‘boot camps’, in and of themselves, are one of the least effective interventions when it comes to reducing offending and antisocial behaviour among young people. The research shows that “boot camps for juvenile offenders that included counselling, and boot camps with a primary focus on rehabilitation, were significantly more effective than other types of boot camp…""

The briefing also notes that the Military-style Activity Camp (MAC) programme was delivered from 2010 to 2016. The programme aimed to target the most serious and persistent young offenders and was delivered as a partnership between Child, Youth and Family (CYF) and the New Zealand Defence Force (NZDF), based at Te Puna Wai o Tūhinapō Youth Justice Residence in Christchurch. It was found that the residential component of the MAC improved the attitude and motivation of young people to address their offending. Using teamwork and a mix of structured and routine activities, the NZDF staff helped break down barriers and promote the principles of equity, respect for authority, and self-discipline in the young people. Eighty percent of MAC participants successfully graduated the residential programme.",,,,,,
2025-5593,Minister for Regional Development,1,"Did the Regional Infrastructure Fund assess any environmental contamination risks at Ocean Beach, before providing a $2.2 million loan in November 2024?",I refer the member to my response to written question 5592 (2025).,"Kānoa – Regional Development & Commercial Services, administrators of the Regional Infrastructure Fund (RIF), identifies any risks when completing evaluation of projects. Investment proposals and recommendations for funding are then presented to the Regional Development Ministerial Group for decision making.

For more information on the governance of the RIF, please refer to the publicly available information on the Grow Regions website: www.growregions.govt.nz/new-funding/regional-infrastructure-fund/governance-of-the-rif.",,,,,,
2025-2014,Minister for the South Island,1,"How, if at all, does the Minister intend to meaningfully engage with South Island communities, iwi and councils to shape policies that benefit the South Island?","As Minister for the South Island, I intend to engage with a wide range of stakeholders across the South Island in a variety of ways in order to shape policies that will benefit the South Island. This will include travelling around the South Island to meet with stakeholders such as communities, iwi and councils directly. I will also engage in phone calls, videoconferencing calls, emails and letters with these stakeholders.",,,,,,,
2025-43421,Minister of Climate Change,2,"What discussions, if any, has he had with ACT Party MPs about the ACT Party’s petition to change or leave the Paris Agreement; and what actions, if any, resulted from this?",I refer the Member to reply number 43432 (2025),"As Minister of Climate Change, I am responsible for the government's actions on Climate Change. I am not responsible for the policy positions of political parties, including the ACT Party and have not had any communications with the David Seymour about those positions.",,,,,,
2024-61471,Minister of Immigration,2,"Has the Minister or her office requested advice on decoupling visas from specific employers, and if so, when?",I received advice regarding decoupling visas from specific employers on 16 July 2024.,,,,,,,
2024-72549,Minister of Climate Change,1,Does the Minister agree with the Climate Change Commission's findings in the Monitoring Report on emissions reduction that the agriculture and transport sectors pose the largest risks to future emissions budgets?,"I agree that when compared to the Commission's own demonstration path from 2022, its finding is sensible. That finding, however, was not based on the latest climate data and projections, nor informed by the policies this government is committed to progressing as a more cost-effective approach to reducing emissions. 

The Climate Change Response Act (CCRA) 2002 requires that an emissions reduction plans includes policies and strategies sufficient to meet the relevant emissions budget. The second emissions reduction plan will be published before the end of the year and will outline the Government's policies and strategies, including for the agricultural and transport sectors, to meet the second emissions budget. The plan is not required to also meet the third emissions budget. When released, the plan will detail how the Government will lay the foundation to achieve the third emissions budget.",,,,,,,
2025-52745,Associate Minister of Education,2,"Has the company or organization providing lunches to Te Aratai College under the Healthy School Lunches Programme changed in the last two years, and if so, on what date?",I am advised by the Ministry of Education that the school lunches for Te Aratai College are provided by Compass (School Lunch Collective) from Term 1 2025. Previously they were with Mammoth Group.,,,,,,,
2025-55212,Minister of Transport,2,"Has SH1 Otaki–Levin experienced any delays, cost overruns, or scope changes since its inclusion in the 20 July 2025 Beehive press release titled “Infrastructure projects to drive jobs and growth”, and if so, what are the reasons, as at 24 November 2025?",I refer the Member to my response to Written Parliamentary Question 50232 (2025).,No. There have been no changes to the approved budget and expected completion date since approval to progress to construction in June 2025.,,,,,,
2024-52515,Minister of Education,2,"Does the Minister stand by her statement that “there’s so much of it”, in relation to feedback received from principals and teachers about the Make It Count action plan; if so, how much exactly?","About eighty emails with feedback on the Make it Count action plan have been received by my office, in addition, I have seen hundreds of comments on social media and other forums in support.",,,,,,,
2024-4463,Associate Minister of Education,1,"What reports, briefings, memos, aides-memoire, notes or written advice, if any, has he received regarding fining and/or convicting parents if their children are not regularly attending school, listed by agency, title and date received?","The written advice I have received from the Ministry of Education regarding fining and/or convicting parents if their children are not regularly attending school is listed below by title and date received:

• 15 February 2024 – Education Report: Initial Advice on Attendance Action Plan

• 15 March 2024 – Education Report: Strengthening expectations for school attendance.

This answer does not cover members of my office who receive a large amount of material every week. Asking them to collate that material would require substantial collation and research and prevent them from undertaking their substantive roles.",,,,,,,
2024-4456,Minister of Transport,1,"How many more vehicle accidents, if any, have occurred on New Zealand roads during this year's Easter holiday weekend compared with that of the last ten years?",I refer the Member to Written Question reply 4454 (2024).,I refer the Member to the attached PDF.,,,,,,
2024-80981,Minister of Health,2,"What additional funding will be required for the action point 'Improve graduate transitions', as contained on page 15 of the 2024 Health Workforce Plan, if any, and if additional funding is required, where will it be sourced from?",I refer the Member to my response to Written Parliamentary Question 80961 (2024).,I am advised that all Health Workforce Plan initiatives will be funded out of Health New Zealand baselines.,,,,,,
2024-19922,Minister for Tertiary Education and Skills,1,Does the Minister stand by her statement that she expects all tertiary education institutions to spend public funds appropriately?,Yes.,,,,,,,
2025-10480,Minister of Education,1,"How much correspondence, if any, has she had about insolvency issues with school lunch provider Libelle?",I have had no correspondence with Libelle about insolvency issues.,,,,,,,
